epoch,loss_train,loss_val,th_best,best_fbeta
1,6.005547024149752,5.169893484849196,0.6139999999999995,0.0990465953946113
2,3.1632674257131095,1.8422273428012164,0.9559999999999992,0.2323404997587204
